{
  "img_width": 3840,
  "img_height": 2160,
  "zoom": 0.000000000096,
  "center_x": -0.115910000073,
  "center_y": 0.0,
  "max_iter": 3000,
  "fractal_kind": "ThirdOrderGrowingExponent"
}
